﻿Designator,Footprint,Quantity,Value,LCSC Part #
"C1, C2",C_Disc_D5.0mm_W2.5mm_P5.00mm,2,100 nF,
"J10, J11, J12, J13, J14, J9",FanPinHeader_1x04_P2.54mm_Vertical,6,Conn_01x04_Pin,
"J15, J16, J17, J18, J19, J20, J8",JST_PH_B3B-PH-K_1x03_P2.00mm_Vertical,7,Conn_01x03_Pin,
J27,PinHeader_2x06_P1.27mm_Vertical,1,Conn_02x06_Odd_Even,
J5,JST_PH_B7B-PH-K_1x07_P2.00mm_Vertical,1,Conn_01x07_Pin,
J6,JST_PH_B6B-PH-K_1x06_P2.00mm_Vertical,1,Conn_01x06_Pin,
J7,TerminalBlock_Phoenix_MKDS-3-2-5.08_1x02_P5.08mm_Horizontal,1,Conn_01x02_Pin,
JP1,PinHeader_1x02_P2.54mm_Vertical,1,Jumper_2_Open,
"R1, R2, R3, R4, R5, R6",2010,6,10k,
R7,2010,1,"4,7k",
U7,TSSOP-14_4.4x5mm_P0.65mm,1,74HCT04,
